<?xml version="1.0" encoding="utf-8"?>
<!DOCTYPE article PUBLIC "-//NLM//DTD JATS (Z39.96) Journal Archiving
and Interchange DTD v1.2 20190208//EN" "JATS-archivearticle1.dtd">
<article xmlns:mml="http://www.w3.org/1998/Math/MathML" xmlns:xlink="http://www.w3.org/1999/xlink" dtd-version="1.2" article-type="other">
  <front>
    <article-meta>
      <title-group>
        <article-title>Exam-2-answers</article-title>
      </title-group>
      <contrib-group>
        <contrib contrib-type="author" corresp="yes">
          <name>
            <surname>Jones</surname>
            <given-names>Norah</given-names>
          </name>
          <string-name>Norah Jones</string-name>
          <role vocab="https://credit.niso.org" vocab-term="writing – original draft" vocab-term-identifier="https://credit.niso.org/contributor-roles/writing-original-draft/">writing</role>
          <xref ref-type="aff" rid="aff-1">a</xref>
          <xref ref-type="corresp" rid="cor-1">*</xref>
        </contrib>
      </contrib-group>
      <aff id="aff-1">
        <institution-wrap>
          <institution>The University</institution>
        </institution-wrap>
      </aff>
      <author-notes>
        <corresp id="cor-1"/>
      </author-notes>
      <history/>
    </article-meta>
  </front>
  <body>
    <list list-type="order">
      <list-item>
        <graphic mimetype="image" mime-subtype="png" xlink:href="./../1.png"/>
      </list-item>
      <list-item>
        <graphic mimetype="image" mime-subtype="png" xlink:href="./../2.png"/>
      </list-item>
      <list-item>
        <graphic mimetype="image" mime-subtype="png" xlink:href="./../3.png"/>
      </list-item>
      <list-item>
        <graphic mimetype="image" mime-subtype="png" xlink:href="./../4.png"/>
      </list-item>
      <list-item>
        <graphic mimetype="image" mime-subtype="png" xlink:href="./../5.png"/>
      </list-item>
      <list-item>
        <graphic mimetype="image" mime-subtype="png" xlink:href="./../6.png"/>
      </list-item>
      <list-item>
        <graphic mimetype="image" mime-subtype="png" xlink:href="./../7.png"/>
      </list-item>
      <list-item>
        <graphic mimetype="image" mime-subtype="png" xlink:href="./../8.png"/>
      </list-item>
      <list-item>
        <graphic mimetype="image" mime-subtype="png" xlink:href="./../9.png"/>
      </list-item>
      <list-item>
        <graphic mimetype="image" mime-subtype="png" xlink:href="./../10.png"/>
      </list-item>
      <list-item>
        <graphic mimetype="image" mime-subtype="png" xlink:href="./../11.png"/>
      </list-item>
      <list-item>
        <graphic mimetype="image" mime-subtype="png" xlink:href="./../12.png"/>
      </list-item>
      <list-item>
        <p>Cindy is the richest doctor. Deb is a doctor. Therefore, unless
    Cindy is Deb, Cindy is richer than Deb.</p>
      </list-item>
      <list-item>
        <p>Dc &amp; <inline-formula><alternatives><tex-math><![CDATA[\forall]]></tex-math><mml:math xmlns:mml="http://www.w3.org/1998/Math/MathML" display="inline"><mml:mo>∀</mml:mo></mml:math></alternatives></inline-formula>x((Dx
    &amp; ~x=c) <inline-formula><alternatives><tex-math><![CDATA[\rightarrow]]></tex-math><mml:math xmlns:mml="http://www.w3.org/1998/Math/MathML" display="inline"><mml:mo>→</mml:mo></mml:math></alternatives></inline-formula>
    Rcx)</p>
      </list-item>
      <list-item>
        <p>Dd</p>
      </list-item>
    </list>
    <p>
      <inline-formula>
        <alternatives>
          <tex-math><![CDATA[\therefore]]></tex-math>
          <mml:math xmlns:mml="http://www.w3.org/1998/Math/MathML" display="inline">
            <mml:mo>∴</mml:mo>
          </mml:math>
        </alternatives>
      </inline-formula>
    </p>
    <list list-type="order">
      <list-item>
        <label>3.</label>
        <p>~c=d <inline-formula><alternatives><tex-math><![CDATA[\rightarrow]]></tex-math><mml:math xmlns:mml="http://www.w3.org/1998/Math/MathML" display="inline"><mml:mo>→</mml:mo></mml:math></alternatives></inline-formula>
    Rcd</p>
      </list-item>
    </list>
  </body>
  <back>
</back>
</article>
